ip,timestamp,url,status,user_agent
81.32.244.239,21/Dec/2024:06:12:34 +0000,/contact,500,Chrome/88.0
116.46.232.101,21/Dec/2024:06:12:34 +0000,/blog,301,Safari/537.36
103.211.131.125,21/Dec/2024:06:12:34 +0000,/products,200,Safari/537.36
181.190.73.48,21/Dec/2024:06:12:34 +0000,/home,200,Mozilla/5.0
215.118.141.187,21/Dec/2024:06:12:34 +0000,/about,301,Safari/537.36
99.25.118.89,21/Dec/2024:06:12:34 +0000,/home,404,curl/7.68.0
241.117.106.43,21/Dec/2024:06:12:34 +0000,/products,404,Safari/537.36
228.38.193.6,21/Dec/2024:06:12:34 +0000,/blog,404,Mozilla/5.0
206.162.18.103,21/Dec/2024:06:12:34 +0000,/products,301,curl/7.68.0
200.103.45.42,21/Dec/2024:06:12:34 +0000,/home,200,Chrome/88.0
110.22.92.142,21/Dec/2024:06:12:39 +0000,/about,301,Chrome/88.0
159.6.203.214,21/Dec/2024:06:12:39 +0000,/contact,500,curl/7.68.0
197.35.179.120,21/Dec/2024:06:12:39 +0000,/about,500,curl/7.68.0
202.219.86.69,21/Dec/2024:06:12:39 +0000,/contact,500,Chrome/88.0
210.170.252.251,21/Dec/2024:06:12:39 +0000,/products,500,Chrome/88.0
85.227.191.140,21/Dec/2024:06:12:39 +0000,/contact,200,Chrome/88.0
201.22.76.91,21/Dec/2024:06:12:39 +0000,/contact,404,curl/7.68.0
50.244.48.127,21/Dec/2024:06:12:39 +0000,/products,500,curl/7.68.0
223.87.229.125,21/Dec/2024:06:12:39 +0000,/contact,500,Chrome/88.0
246.104.152.239,21/Dec/2024:06:12:39 +0000,/blog,200,Mozilla/5.0
101.141.39.199,21/Dec/2024:06:12:44 +0000,/home,301,Chrome/88.0
201.189.144.59,21/Dec/2024:06:12:44 +0000,/home,500,Mozilla/5.0
115.80.4.223,21/Dec/2024:06:12:44 +0000,/products,404,Mozilla/5.0
29.200.157.111,21/Dec/2024:06:12:44 +0000,/home,200,Mozilla/5.0
67.191.235.236,21/Dec/2024:06:12:44 +0000,/contact,500,Safari/537.36
123.147.191.105,21/Dec/2024:06:12:44 +0000,/contact,404,Mozilla/5.0
69.140.68.237,21/Dec/2024:06:12:44 +0000,/home,301,Safari/537.36
152.237.151.85,21/Dec/2024:06:12:44 +0000,/products,500,Safari/537.36
80.98.156.159,21/Dec/2024:06:12:44 +0000,/blog,404,curl/7.68.0
51.210.5.173,21/Dec/2024:06:12:44 +0000,/products,404,Chrome/88.0
231.121.112.110,21/Dec/2024:06:12:49 +0000,/blog,500,Safari/537.36
238.177.129.223,21/Dec/2024:06:12:49 +0000,/contact,404,curl/7.68.0
151.194.165.68,21/Dec/2024:06:12:49 +0000,/contact,200,curl/7.68.0
41.108.117.204,21/Dec/2024:06:12:49 +0000,/contact,301,curl/7.68.0
58.202.255.120,21/Dec/2024:06:12:49 +0000,/contact,404,curl/7.68.0
128.126.60.176,21/Dec/2024:06:12:49 +0000,/home,200,Mozilla/5.0
40.15.71.68,21/Dec/2024:06:12:49 +0000,/contact,404,curl/7.68.0
46.176.140.203,21/Dec/2024:06:12:49 +0000,/blog,404,Mozilla/5.0
4.243.239.165,21/Dec/2024:06:12:49 +0000,/about,500,Mozilla/5.0
246.60.207.219,21/Dec/2024:06:12:49 +0000,/about,301,curl/7.68.0
240.117.30.3,21/Dec/2024:06:12:54 +0000,/products,500,Chrome/88.0
43.90.3.98,21/Dec/2024:06:12:54 +0000,/about,301,Chrome/88.0
198.156.121.148,21/Dec/2024:06:12:54 +0000,/contact,404,Safari/537.36
197.94.255.213,21/Dec/2024:06:12:54 +0000,/blog,301,Mozilla/5.0
125.32.117.88,21/Dec/2024:06:12:54 +0000,/home,200,curl/7.68.0
147.131.14.44,21/Dec/2024:06:12:54 +0000,/home,404,Chrome/88.0
220.226.27.86,21/Dec/2024:06:12:54 +0000,/products,200,Chrome/88.0
175.93.92.131,21/Dec/2024:06:12:54 +0000,/blog,404,Chrome/88.0
104.77.242.219,21/Dec/2024:06:12:54 +0000,/about,404,Chrome/88.0
37.67.4.248,21/Dec/2024:06:12:54 +0000,/blog,500,Chrome/88.0
180.177.247.193,21/Dec/2024:06:12:59 +0000,/blog,200,Mozilla/5.0
193.248.253.133,21/Dec/2024:06:12:59 +0000,/about,301,Mozilla/5.0
195.197.5.1,21/Dec/2024:06:12:59 +0000,/about,404,Mozilla/5.0
19.92.46.9,21/Dec/2024:06:12:59 +0000,/products,301,Safari/537.36
208.146.234.102,21/Dec/2024:06:12:59 +0000,/home,200,curl/7.68.0
2.68.3.106,21/Dec/2024:06:12:59 +0000,/blog,500,Chrome/88.0
23.118.117.87,21/Dec/2024:06:12:59 +0000,/blog,200,Chrome/88.0
116.16.22.188,21/Dec/2024:06:12:59 +0000,/contact,200,Mozilla/5.0
143.15.37.40,21/Dec/2024:06:12:59 +0000,/contact,404,curl/7.68.0
190.152.200.214,21/Dec/2024:06:12:59 +0000,/about,500,Mozilla/5.0
117.2.18.36,21/Dec/2024:06:13:04 +0000,/blog,404,Safari/537.36
63.109.217.89,21/Dec/2024:06:13:04 +0000,/blog,500,Chrome/88.0
36.190.41.229,21/Dec/2024:06:13:04 +0000,/blog,200,curl/7.68.0
241.193.217.255,21/Dec/2024:06:13:04 +0000,/contact,500,Chrome/88.0
117.125.4.158,21/Dec/2024:06:13:04 +0000,/products,301,curl/7.68.0
223.137.121.117,21/Dec/2024:06:13:04 +0000,/blog,404,Chrome/88.0
86.92.96.139,21/Dec/2024:06:13:04 +0000,/products,301,Safari/537.36
228.35.60.75,21/Dec/2024:06:13:04 +0000,/contact,500,curl/7.68.0
219.107.223.231,21/Dec/2024:06:13:04 +0000,/products,500,curl/7.68.0
66.27.122.230,21/Dec/2024:06:13:04 +0000,/home,301,curl/7.68.0
